<?xml version="1.0" encoding="UTF-8"?>
<project-private xmlns="http://www.netbeans.org/ns/project-private/1">
    <editor-bookmarks xmlns="http://www.netbeans.org/ns/editor-bookmarks/2" lastBookmarkId="0"/>
    <open-files xmlns="http://www.netbeans.org/ns/projectui-open-files/2">
        <group>
            <file>file:/E:/Ayu/CSIT/IV/Java/BrandNewDay/WorkoutLogger/src/org/personal/workoutlogger/ui/LoginFrame.java</file>
            <file>file:/E:/Ayu/CSIT/IV/Java/BrandNewDay/WorkoutLogger/src/org/personal/workoutlogger/dao/impl/UserDaoImpl.java</file>
            <file>file:/E:/Ayu/CSIT/IV/Java/BrandNewDay/WorkoutLogger/src/org/personal/workoutlogger/model/User.java</file>
            <file>file:/E:/Ayu/CSIT/IV/Java/BrandNewDay/WorkoutLogger/src/org/personal/workoutlogger/ui/dash/TraineeDashboard.java</file>
            <file>file:/E:/Ayu/CSIT/IV/Java/BrandNewDay/WorkoutLogger/src/org/personal/workoutlogger/ui/forms/WorkoutForm.java</file>
        </group>
    </open-files>
</project-private>
