<?xml version="1.0" encoding="UTF-8"?>
<project-private xmlns="http://www.netbeans.org/ns/project-private/1">
    <editor-bookmarks xmlns="http://www.netbeans.org/ns/editor-bookmarks/2" lastBookmarkId="0"/>
    <open-files xmlns="http://www.netbeans.org/ns/projectui-open-files/2">
        <group>
            <file>file:/C:/Users/user/OneDrive/Desktop/uicopilot/WorkoutLogger/src/org/personal/workoutlogger/dao/impl/UserDaoImpl.java</file>
            <file>file:/C:/Users/user/OneDrive/Desktop/uicopilot/WorkoutLogger/src/org/personal/workoutlogger/dao/UserDao.java</file>
            <file>file:/C:/Users/user/OneDrive/Desktop/uicopilot/WorkoutLogger/src/org/personal/workoutlogger/ui/LoginFrame.java</file>
            <file>file:/C:/Users/user/OneDrive/Desktop/uicopilot/WorkoutLogger/src/org/personal/workoutlogger/ui/GlobalUISettings.java</file>
        </group>
    </open-files>
</project-private>
